{"cameraMode":{"drawMode":0,"name":"Shaded","section":"Shading Mode"},"sceneLighting":true,"audioPlay":false,"sceneViewState":{"m_AlwaysRefresh":false,"showFog":true,"showSkybox":true,"showFlares":true,"showImageEffects":true,"showParticleSystems":true,"showVisualEffectGraphs":true,"m_FxEnabled":true},"in2DMode":false,"pivot":{"x":-5.259946823120117,"y":1.9138849973678589,"z":3.3802390098571779},"rotation":{"x":0.018592553213238717,"y":0.673691987991333,"z":0.016994252800941469,"w":-0.7386125922203064},"size":3.862366199493408,"orthographic":false}